-- MariaDB dump 10.19  Distrib 10.6.5-MariaDB, for debian-linux-gnu (x86_64)
--
-- Host: localhost    Database: bdd_bookappy
-- ------------------------------------------------------
-- Server version	10.6.5-MariaDB-1:10.6.5+maria~focal

/*!40101 SET @OLD_CHARACTER_SET_CLIENT=@@CHARACTER_SET_CLIENT */;
/*!40101 SET @OLD_CHARACTER_SET_RESULTS=@@CHARACTER_SET_RESULTS */;
/*!40101 SET @OLD_COLLATION_CONNECTION=@@COLLATION_CONNECTION */;
/*!40101 SET NAMES utf8mb4 */;
/*!40103 SET @OLD_TIME_ZONE=@@TIME_ZONE */;
/*!40103 SET TIME_ZONE='+00:00' */;
/*!40014 SET @OLD_UNIQUE_CHECKS=@@UNIQUE_CHECKS, UNIQUE_CHECKS=0 */;
/*!40014 SET @OLD_FOREIGN_KEY_CHECKS=@@FOREIGN_KEY_CHECKS, FOREIGN_KEY_CHECKS=0 */;
/*!40101 SET @OLD_SQL_MODE=@@SQL_MODE, SQL_MODE='NO_AUTO_VALUE_ON_ZERO' */;
/*!40111 SET @OLD_SQL_NOTES=@@SQL_NOTES, SQL_NOTES=0 */;

--
-- Table structure for table `age_range`
--

DROP TABLE IF EXISTS `age_range`;
/*!40101 SET @saved_cs_client     = @@character_set_client */;
/*!40101 SET character_set_client = utf8 */;
CREATE TABLE `age_range` (
  `id` int(11) NOT NULL AUTO_INCREMENT,
  `wording` varchar(255) COLLATE utf8mb4_unicode_ci NOT NULL,
  PRIMARY KEY (`id`)
) ENGINE=InnoDB AUTO_INCREMENT=6 DEFAULT CHARSET=utf8mb4 COLLATE=utf8mb4_unicode_ci;
/*!40101 SET character_set_client = @saved_cs_client */;

--
-- Dumping data for table `age_range`
--

LOCK TABLES `age_range` WRITE;
/*!40000 ALTER TABLE `age_range` DISABLE KEYS */;
INSERT INTO `age_range` VALUES (1,'Tout age'),(2,'Jeunesse'),(3,'Adolescent'),(4,'Ado adulte'),(5,'Adulte');
/*!40000 ALTER TABLE `age_range` ENABLE KEYS */;
UNLOCK TABLES;

--
-- Table structure for table `book`
--

DROP TABLE IF EXISTS `book`;
/*!40101 SET @saved_cs_client     = @@character_set_client */;
/*!40101 SET character_set_client = utf8 */;
CREATE TABLE `book` (
  `id` int(11) NOT NULL AUTO_INCREMENT,
  `status_id` int(11) NOT NULL,
  `age_ranges_id` int(11) NOT NULL,
  `title` varchar(255) COLLATE utf8mb4_unicode_ci NOT NULL,
  `subtitle` varchar(255) COLLATE utf8mb4_unicode_ci DEFAULT NULL,
  `author` varchar(255) COLLATE utf8mb4_unicode_ci NOT NULL,
  `editor` varchar(255) COLLATE utf8mb4_unicode_ci DEFAULT NULL,
  `publish_date` datetime DEFAULT NULL,
  `isbn` varchar(255) COLLATE utf8mb4_unicode_ci NOT NULL,
  `language` varchar(255) COLLATE utf8mb4_unicode_ci DEFAULT NULL,
  `image` varchar(255) COLLATE utf8mb4_unicode_ci DEFAULT NULL,
  `categorie` varchar(255) COLLATE utf8mb4_unicode_ci NOT NULL,
  `description` varchar(4000) COLLATE utf8mb4_unicode_ci DEFAULT NULL,
  `librairies_id` int(11) DEFAULT NULL,
  PRIMARY KEY (`id`),
  KEY `IDX_CBE5A3316BF700BD` (`status_id`),
  KEY `IDX_CBE5A33154738F20` (`age_ranges_id`),
  KEY `IDX_CBE5A331B52A5368` (`librairies_id`),
  CONSTRAINT `FK_CBE5A33154738F20` FOREIGN KEY (`age_ranges_id`) REFERENCES `age_range` (`id`),
  CONSTRAINT `FK_CBE5A3316BF700BD` FOREIGN KEY (`status_id`) REFERENCES `status` (`id`),
  CONSTRAINT `FK_CBE5A331B52A5368` FOREIGN KEY (`librairies_id`) REFERENCES `library` (`id`)
) ENGINE=InnoDB AUTO_INCREMENT=83 DEFAULT CHARSET=utf8mb4 COLLATE=utf8mb4_unicode_ci;
/*!40101 SET character_set_client = @saved_cs_client */;

--
-- Dumping data for table `book`
--

LOCK TABLES `book` WRITE;
/*!40000 ALTER TABLE `book` DISABLE KEYS */;
INSERT INTO `book` VALUES (1,3,1,'One Piece - Édition originale -','Capitaine','Eiichiro Oda','Glénat Manga','2016-02-24 11:17:24','9782331019982','fr','http://books.google.com/books/content?id=ImSVCwAAQBAJ&printsec=frontcover&img=1&zoom=1&edge=curl&source=gbs_api','Comics & Graphic Novels','Luffy et Usopp s’affrontent violemment au sujet de la réparation du “Vogue Merry”. À l’issue d’un combat déchirant, le capitaine Luffy prend une décision des plus surprenantes ! L’équipage va-t-il survivre à cette épreuve ?!',5),(3,1,5,'Yann le forestier','Suivi de Le feu vers la rivière. Suivi de Silves. Suivi de Hautes les demeures','Gisèle Lombard-Mauroy','FeniXX','1957-01-01 13:01:05','9782715251311','fr','http://books.google.com/books/content?id=LUKEDwAAQBAJ&printsec=frontcover&img=1&zoom=1&edge=curl&source=gbs_api','Fiction','Cet ouvrage est une réédition numérique d’un livre paru au XXe siècle, désormais indisponible dans son format d’origine.',NULL),(4,3,4,'La Bicyclette Bleue','(1939-1942)','Régine Deforges','Fayard','2014-04-01 15:40:36','9782213653358','fr','http://books.google.com/books/content?id=0s86MNUKGFkC&printsec=frontcover&img=1&zoom=1&edge=curl&source=gbs_api','Fiction','1939. Léa Delmas a dix-sept ans. Sa famille possède le domaine de Montillac, au coeur du vignoble bordelais. Sa vie se résume aux senteurs de cette terre, à la lumière, à la tendresse des siens. La maison s\'affaire aux préparatifs du bal... Mais la déclaration de guerre va anéantir l\'harmonie de cette fin d\'été, et jeter Léa dans le chaos. Elle va découvrir et affronter la débâcle, l\'exode sous les bombes, la mort, l\'occupation nazie, l\'exploitation du domaine, la violence du plaisir, la fragilité des sentiments. En ces premières années de guerre, Léa va être contrainte à des choix impossibles...',5),(5,1,3,'After saison 3 (Extrait offert)',NULL,'Anna Todd','Hugo Roman','2015-02-05 15:44:59','9782755620894','fr','http://books.google.com/books/content?id=qoRtBgAAQBAJ&printsec=frontcover&img=1&zoom=1&edge=curl&source=gbs_api','Fiction','Il y avait la vie avant que Tessa rencontre Hardin, et il y a AFTER (après) ! Le caractère violent d\'Hardin continue de lui jouer des tours : il échappe de peu à l\'expulsion de l\'université et Tessa est sauvée par Zed d\'une terrible vengeance des potes d\'Hardin. Pour calmer un peu ce jeu malsain et continuer à exercer le métier qu\'elle aime, Tessa décide de partir à Seattle où Hardin la rejoint dès qu\'il peut. Leurs sentiments se renforcent et toutes leurs colères s\'apaisent quand leurs corps s\'unissent. Malgré les prédictions de sa mère, Tessa est convaincue qu\'Hardin et elle peuvent réussir là où leurs parents ont échoué. Jalousie et possessivité chez Hardin, désir d\'indépendance et d\'autonomie chez Tessa, mais un besoin mutuel et passionné d\'être ensemble, la saison 3 fera découvrir de nouveaux personnages (père de Tessa), fera changer de décor : Seattle, Angleterre... bref tiendra ses lecteurs en haleine, comme Anna Todd le fait si bien depuis le début.',NULL),(6,1,1,'Harry Potter et le prisonnier d\'Azkaban',NULL,'J. K. Rowling','Gallimard-Jeunesse','1999-01-01 00:00:00','9782070541300','fr','http://books.google.com/books/content?id=wfDxAQAACAAJ&printsec=frontcover&img=1&zoom=1&source=gbs_api','England','Sirius Black, le dangereux criminel qui s\'est échappé de la forteresse d\'Azkaban, recherche Harry Potter. C\'est donc sous bonne garde que l\'apprenti sorcier fait sa troisième rentrée. Au programme : des cours de divination, la fabrication d\'une potion de ratatinage, le dressage des hippogriffes... Mais Harry est-il vraiment à l\'abri du danger qui le menace ? Un livre époustouflant qui vous emportera dans un tourbillon de surprises et d\'émotions.',NULL),(7,1,2,'Cherub (Mission 1) - 100 jours en enfer',NULL,'Robert Muchamore','Casterman Jeunesse','2019-05-26 15:48:44','9782203200555','fr','http://books.google.com/books/content?id=KmyPDwAAQBAJ&printsec=frontcover&img=1&zoom=1&edge=curl&source=gbs_api','Young Adult Fiction','James, placé dans un orphelinat sordide à la mort de sa mère, ne tarde pas à tomber dans la délinquance. Il est alors recruté par CHERUB et va suivre un éprouvant programme d\'entraînement avant de se voir confier sa première mission d\'agent secret. Sera-t-il capable de résister 100 jours ? 100 jours en enfer...',NULL),(8,1,4,'Indomptable Angélique',NULL,'Anne Golon','L\'Archipel','2017-10-11 15:49:53','9782809823325','fr','http://books.google.com/books/content?id=1mzLDwAAQBAJ&printsec=frontcover&img=1&zoom=1&edge=curl&source=gbs_api','Fiction','Les révélations du Roi-Soleil ont fait naître en Angélique un fol espoir. Le comte Joffrey de Peyrac aurait-il survécu au bûcher auquel l\'avaient condamné la justice et l\'Église ?Sur la Méditerranée, où Barbaresques et corsaires se livrent au commerce d\'esclaves, jusqu\'aux côtes d\'Afrique du Nord où règne Moulay Ismaël, \"l\'Épée de l\'Islam\", dont l\'empire s\'étend jusqu\'aux sources du Nil, Angélique Marquise des Anges part en quête de l\'homme qu\'elle a toujours aimé.À la poursuite de son fantôme fuyant devant elle comme le mirage du désert, elle va vivre des heures passionnées et tragiques. Capturée, Angélique connaît le sort des esclaves. Reniera-t-elle sa foi ou sera-t- elle la première femme à oser s\'évader du harem du Sultan ?Après Angélique, Marquise des Anges, Le Chemin de Versailles, Angélique et le Roy, voici, dans sa version d\'origine, le quatrième tome d\'une fresque historique devenue légendaire.',NULL),(10,3,4,'Peur noire',NULL,'Harlan COBEN','12-21','2013-03-28 15:55:58','9782823808070','fr','http://books.google.com/books/content?id=Kipbc_AyJSoC&printsec=frontcover&img=1&zoom=1&edge=curl&source=gbs_api','Fiction','Myron est dans une mauvaise passe. La nouvelle que lui assène Emily, son amour de fac qui a épousé Greg, son éternel rival, va pourtant éclipser tout le reste : son fils, Jeremy, a besoin d\'une greffe de moelle osseuse. Sinon, il mourra. Mais le seul donneur compatible a disparu. Emily a besoin de Myron pour le retrouver. Jeremy a besoin de son père pour être sauvé. Son vrai père...',3),(11,1,1,'Lucky Luke - Tome 6 - HORS-LA-LOI',NULL,'Morris','Dupuis','2010-03-26 15:57:01','9782800188621','fr','http://books.google.com/books/content?id=FFEITO1Rv3AC&printsec=frontcover&img=1&zoom=1&edge=curl&source=gbs_api','Humor','L\'homme qui tire plus vite que son ombreAvec pour seul compagnon son cheval Jolly Jumper, \"l\'homme qui tire plus vite que son ombre\" fait régner l\'ordre et la justice dans un Far-West de fantaisie mille fois plus vrai que le vrai. Poursuivant les terribles frères Dalton ou croisant la route de divers personnages historiques, Lucky Luke nous fait découvrir dans la bonne humeur les dessous de la conquête de l\'Ouest.',NULL),(13,1,4,'Da Vinci code',NULL,'Dan Brown','JC Lattès','2004-03-03 15:59:35','9782709637404','fr','http://books.google.com/books/content?id=SteVfQT2WY0C&printsec=frontcover&img=1&zoom=1&edge=curl&source=gbs_api','Fiction','« Da Vinci Code est un livre envoûtant, idéal pour les passionnés d\'histoire, les amateurs de conspirations, les mordus du mystère, pour tous ceux qui aiment les grands récits que l\'on ne parvient pas à lâcher. J\'ai adoré ce roman. » Harlan Coben De passage à Paris, Robert Langdon, professeur à Havard et spécialiste de symbologie, est appelé d\'urgence au Louvre, en pleine nuit. Jacques Saunière, le conservateur en chef a été retrouvé assassiné au milieu de la Grande Galerie. Au côté du cadavre, la police a trouvé un message codé. Langdon et Sophie Neveu, une brillante cryptographe membre de la police, tentent de le résoudre. Ils sont stupéfaits lorsque les premiers indices le conduisent à l\'oeuvre de Léonard de Vinci. Ils découvrent également que Saunière était membre du Prieuré de Sion, une société secrète dont avaient fait partie Nexton, Boticelli, Léonardo da Vinci, Victor Hugo, et qu\'il protégeait un secret millénaire. L\'enquête de nos deux héros les entraînera à travers la France et le Royaume-Uni, non seulement pour chercher une vérité longtemps cachée concernant la Chrétienté, mais également pour échapper à ceux qui voudraient s\'emparer du secret. Pour réussir, il leur faut résoudre de nombreuses énigmes, et vite, sinon le secret risque d\'être perdu à tout jamais.',NULL),(14,1,2,'Histoire de Babar le petit éléphant',NULL,'Jean de Brunhoff','Hachette Jeunesse','2014-04-01 16:00:53','9782012272910','fr','http://books.google.com/books/content?id=Yl_ICQAAQBAJ&printsec=frontcover&img=1&zoom=1&edge=curl&source=gbs_api','Juvenile Nonfiction','Dans la forêt, un petit éléphant est né. Il s\'appelle Babar. Sa maman le regarde grandir tendrement jusqu\'au jour terrible où un chasseur la tue. Babar se réfugie alors en ville où il est recueilli par la vieille dame. Mais Babar se languit de sa famille et de sa forêt, lorsqu\'un beau jour surgissent ses deux cousins, Arthur et Céleste. Ils décident de reprendre le chemin de la forêt. De retour chez lui, Babar, couronné roi des éléphants, choisit Céleste comme reine : couronnement et mariage ne sont que le début des aventures de nos deux héros.',NULL),(15,1,2,'Tout commence mal','Les desastreuses aventures des Orphelins Baudelaire , Tome 1','Lemony Snicket','Nathan','2012-01-05 16:02:19','9782092536070','fr','http://books.google.com/books/content?id=zjF6aNf04i8C&printsec=frontcover&img=1&zoom=1&edge=curl&source=gbs_api','Juvenile Fiction','La série culte ! Un terrible incendie ravage la maison des Baudelaire. Les parents y perdent la vie, laissant orphelins leurs trois enfants, Klaus, Violette et Prunille, qui jouaient sur la plage. M. Poe, l\'exécuteur testamentaire des parents Baudelaire, place alors les orphelins chez un lointain cousin, le comte Olaf, qui compte bien tout mettre en œuvre pour récupérer leur fortune.',NULL),(16,1,5,'La vie est un roman',NULL,'Guillaume Musso','Calmann-Lévy','2020-05-26 16:07:09','9782702165676','fr','http://books.google.com/books/content?id=2lrRDwAAQBAJ&printsec=frontcover&img=1&zoom=1&edge=curl&source=gbs_api','Fiction','POUR LUI, TOUT EST ÉCRIT D\'AVANCE POUR ELLE TOUT RESTE À ÉCRIRE « Un jour d’avril, ma fille de trois ans, Carrie, a disparu alors que nous jouions toutes les deux à cache-cache dans mon appartement de Brooklyn. » Ainsi débute le récit de Flora Conway, romancière renommée à la discrétion légendaire. La disparition de Carrie n’a aucune explication. La porte et les fenêtres de l’appartement étaient closes, les caméras de ce vieil immeuble new-yorkais ne montrent pas d’intrusion. L’enquête de police n’a rien donné. Au même moment, de l’autre côté de l’Atlantique, un écrivain au cœur broyé se terre dans une maison délabrée. Lui seul détient la clé du mystère. Et Flora va le débusquer. Une lecture à nulle autre pareille. En trois actes et deux coups de théâtre, Guillaume Musso nous immerge dans une histoire étourdissante qui puise sa force dans le pouvoir des livres et la rage de vivre de ses personnages. « Un roman peut en cacher un autre. (...) Une vertigineuse mise en abyme et [Guillaume Musso] chahute les frontières entre la fiction et le réel, la vie et le roman, l\'auteur et ses personnages. Suspense littéraire et amoureux, réflexion sur le pouvoir des livres et le métier d\'écrivain, La vie est un roman est une lecture étourdissante, jubilatoire. » - Bernard Lehut, Laissez-vous tenter, RTL « Un roman aussi vertigineux que dense, exercice de haut vol et d\'illusionniste sur les interactions d\'un auteur avec ses créatures. » - Marianne Payot, L\'Express « Guillaume Musso est un ensorceleur qui fait surgir l’impossible dans la vie de ses personnages au moment où l’on ne s’y attend pas. Son lecteur ne sera pas déçu car, outre le rythme soutenu, l’émotion et des héros attachants, l’intrigue est truffeée de références littéraires et rend un bel hommage aux écrivains. Captivant. » - Anne Michelet, Version Femina « Un récit machiavélique et jubilatoire autour du pouvoir des livres qui nous a complètement bluffés. (...) Guillaume Musso signe ici un de ses romans les plus personnels. Un de ses meilleurs aussi. » - Sandrine Bajos, Le Parisien « Passionnant ! Vous allez vous régaler ! » - Arnold Derek, France Bleu « Une formidable histoire qui ravira à la fois les amateurs de thrillers et les amoureux de littérature. (...) Assurément grand écrivain et grand lecteur, Guillaume Musso revient avec brio sur le métier d’écrire, l’inspiration, la vie réelle et imaginaire... (...) La vie est un roman fait irrésistiblement penser à Romain Gary. » - Alain-Jean Robert, AFP',NULL),(17,1,4,'La dimension fantastique','Tome 1 - Treize nouvelles de Hoffmann à Claude Seignolle','Barbara Sadoul','J\'Ai Lu','2003-10-01 16:09:46','9782290335321','fr','http://books.google.com/books/content?id=I_0VGQAACAAJ&printsec=frontcover&img=1&zoom=1&source=gbs_api','','La dimension fantastique est un recueil en trois volumes de nouvelles choisies et présentées par Barbara Sadoul. Histoires de vampires, de fantômes ou de monstres, ces anthologies nous font redécouvrir les maîtres de la littérature fantastique : Hoffmann, Balzac, Wilde, Jodorowsky, Hugo, Poe, Lovecraft et bien d\'autres. Surgies de l\'imagination des plus grands écrivains classiques et modernes, les figures surnaturelles qui hantent ces récits sont éternelles. Elles raniment, le temps d\'une lecture, la magie et les terreurs de notre enfance. Théophile Gautier, Gérard de Nerval, Alphonse Daudet, George Sand, Edgar Poe, Guy de Maupassant, Howard P. Lovecraft, Jean Ray, Richard Matheson, entre autres, nous invitent à déguster ces fruits défendus du rêve, à explorer l\'autre côté... à nos risques et périls ! L\'occasion de découvrir les fondateurs et les métamorphoses d\'un genre littéraire en perpétuelle renaissance...',NULL),(18,1,3,'Chair de poule','Le fantôme d\'à côté','R.L Stine','Bayard Jeunesse','2018-10-10 16:12:15','9782747093309','fr','http://books.google.com/books/content?id=4zZtDwAAQBAJ&printsec=frontcover&img=1&zoom=1&edge=curl&source=gbs_api','Juvenile Fiction','Les romans de Chair de Poule s\'inscrivent dans la pure tradition du fantastique. On y côtoie les créatures de la nuit : spectres, vampires, loups-garous, momies sorties de leur sommeil ou monstres remontés des profondeurs. Le jeune lecteur, emporté par des récits au rythme implacable ¿ qui n\'excluent pas l\'humour ! ¿ s\'enfonce avec un délicieux effroi dans l\'univers du mystère et de l\'étrange, assuré qu\'à l\'instar des personnages il en sortira... indemne !Mon voisin est un fantôme...Anna a toujours pensé que la maison d\'à côté était vide. Qui est alors ce garçon qui prétend habiter là depuis des années ? Comment se fait-il qu\'Anna ne les ait jamais aperçus, lui et sa mère ? Et surtout, d\'où lui vient cette pâleur de... fantôme ?',NULL),(19,1,5,'Ils étaient dix',NULL,'Agatha Christie','Le Masque','2013-01-28 16:13:33','9782702436776','fr','http://books.google.com/books/content?id=TS3j8ZTpaG0C&printsec=frontcover&img=1&zoom=1&edge=curl&source=gbs_api','Fiction','Ils sont dix à avoir reçu l’invitation : des vacances d’été sur l’île du Soldat ! Voilà une proposition à laquelle personne ne saurait résister. Non seulement c’est gratuit, mais l’île a tant fait parler d’elle ! Chacun se demande qui est son nouveau propriétaire – une star d’Hollywood, un milliardaire américain, ou l’Amirauté britannique qui s’y livrerait à des expériences ultrasecrètes ? Aussi, sans vraiment connaître leur hôte, ils accourent volontiers : le médecin, le play-boy, la jeune prof de gym, le juge à la retraite, le général bardé de décorations, la vieille fille grincheuse, le sémillant capitaine, le majordome et sa femme, et M. Davis qui ne s’appelle pas Davis... Qu’ont-ils donc en commun ? À l’arrivée, cela dit, un par un, tous connaîtront le même sort... Traduction révisée de Gérard de Chergé',NULL),(20,1,4,'Millénium - Intégrale - Tome 1 - Les hommes qui n\'aimaient pas les femmes',NULL,'Sylvain Runberg','Dupuis','2017-10-27 16:32:23','9782800183855','fr','http://books.google.com/books/content?id=JaE7DwAAQBAJ&printsec=frontcover&img=1&zoom=1&edge=curl&source=gbs_api','Comics & Graphic Novels','Ce premier volume réunit le diptyque retraçant l\'enquête de Lisbeth Salander et de Mikael Blomkvist sur la disparition de Harriet Vanger, et plonge sans concession le lecteur au coeur des ténèbres. Ancien journaliste pour le magazine pamphlétaire \"Millénium\", Mikael Blomkvist est engagé par Henrik Vanger afin de résoudre le mystère de la disparition de sa fille, survenue 44 ans plus tôt. Son enquête l\'amène à croiser la route de Lisbeth Salander, hackeuse de génie réfractaire à toute autorité. Ensemble, ils mettront au jour les pires noirceurs perpétrées par ces \"hommes qui n\'aimaient pas les femmes\"... En 2013, Sylvain Runberg s\'allie à Homs en vue d\'adapter la trilogie culte de Stieg Larsson, Millénium. Un défi porté de main de maître par un duo admirable, qui vaudra au scénariste d\'être choisi pour réaliser une suite à cette adaptation : Millénium Saga. Cette édition définitive du premier diptyque reprend désormais le découpage des tomes originaux. L\'on y retrouve l\'ensemble de l\'intrigue autour de l\'affaire Vanger et l\'intensité de ce thriller impeccablement mis en images par Homs. Une occasion à ne pas rater de découvrir ou de redécouvrir \"Millénium\" comme vous ne l\'avez jamais lu.',NULL),(21,1,3,'Le Dernier Olympien','Percy Jackson -','Rick Riordan','Albin Michel','2010-09-01 16:34:41','9782226222633','fr','http://books.google.com/books/content?id=15BuRFCFeJgC&printsec=frontcover&img=1&zoom=1&edge=curl&source=gbs_api','Juvenile Fiction','En vue de la bataille finale contre l\'armée de Kronos, Percy et ses amis ont passé l\'année à constituer une armée de jeunes demi-dieux. Cependant ils savent que leurs chances sont faibles face aux redoutables Titans. Et le temps est compté pour Percy : bientôt, il aura seize ans et la prophétie se réalisera il devra prendre une décision remettant le sort du monde entier entre ses mains. Mais attention aux oracles trompeurs... « L\'épisode final de la série commence avec une explosion et se poursuit dans un impressionnant feu d\'artifice. Les fans ne seront pas déçus ! »Publishers Weekly « Le cocktail gagnant d\'aventures trépidantes et d\'humour ravageur de la saga est enrichi dans ce dernier volet par des questions humaines et éthiques. L\'imagination de Rick Riordan s\'envole lors des scènes de bataille à couper le souffle. »Booklist OnlineÀ partir de 11 ans',NULL),(22,1,4,'Les dix petits nègres d\'Agatha Christie (Fiche de lecture)','Analyse complète de l\'oeuvre','Sophie Lecomte','Primento','2014-12-10 16:36:49','9782511027455','fr','http://books.google.com/books/content?id=hdXPBQAAQBAJ&printsec=frontcover&img=1&zoom=1&edge=curl&source=gbs_api','Study Aids','Cette fiche de lecture sur Les dix petits nègres d\'Agatha Christie propose une analyse complète : • un résumé des Dix petits nègres • une analyse des personnages • une analyse des axes de lecture À propos de FichesDeLecture.com : FichesdeLecture.com propose plus 2500 analyses complètes de livres sur toute la littérature classique et contemporaine : des résumés, des analyses de livres, des questionnaires et des commentaires composés, etc. Nos analyses sont plébiscitées par les lycéens et les enseignants. Toutes nos analyses sont téléchargeables directement en ligne. FichesdeLecture est partenaire du Ministère de l\'Education. Plus d\'informations sur www.fichesdelecture.com',NULL),(23,1,5,'Le Dahlia Noir',NULL,'James Ellroy','Rivages','2014-11-19 16:40:14','9782743629243','fr','','','Le 15 janvier 1947, dans un terrain vague de Los Angeles, est découvert le corps nu, mutilé et sectionné en deux d\'une jeune fille de vingt-deux ans : Betty Short, surnommée \"le Dahlia Noir\", par un reporter, à cause de son penchant à se vêtir totalement en noir. Le meurtre est resté l\'une des énigmes les plus célèbres des annales du crime en Amérique. Et le roman de James Ellroy, le chef d\'oeuvre du roman noir.',NULL),(24,1,4,'GTO Shonan 14 Days','Great Teacher Onizuka','Tôru Fujisawa','Pika','2017-09-06 16:44:48','9782811639556','fr','http://books.google.com/books/content?id=iCs2DwAAQBAJ&printsec=frontcover&img=1&zoom=1&edge=curl&source=gbs_api','Comics & Graphic Novels','Il est de retour et il est très énervé ! Après l’incident avec Teshigawara, Onizuka s’est fait tirer dessus et a fini à l’hôpital. N’étant pas du genre à rester sans rien faire, il décide de participer à une émission de télé ! Mai le voici révélant en direct qu’il a failli enterrer vivante une de ses élèves, Urumi Kanzaki. Afin de se faire oublier, il se met en route pour Shônan, où il va passer 14 jours dépaysants... ou pas !',NULL),(25,1,4,'Le crime de l\'Orient-Express','','Agatha Christie','','2011-01-01 00:00:00','9782702436332','fr','','','C’est par le plus grand des hasards qu’Hercule Poirot se trouve à bord de l’Orient-Express, ce train de luxe qui traverse l’Europe. Alors qu’il est bloqué par la neige au cœur de la Yougoslavie, on découvre, dans l’une des voitures, le corps d’un Américain sauvagement assassiné à coups de couteau. Le meurtrier se cache forcément parmi les voyageurs... Mais qui de la princesse russe, de l’Américaine fantasque, de ce couple de Hongrois distingués, de ce colonel de retour des Indes ou même du propre secrétaire de la victime a bien pu commettre pareil crime ? L’enquête commence, elle sera l’une des plus difficiles et des plus délicates pour notre célèbre détective belge.Traduit de l’anglais par Jean-Marc Mendel',NULL),(26,1,4,'Le meurtre de Roger Ackroyd (Nouvelle traduction révisée)','','Agatha Christie','Le Masque','2013-01-28 16:48:02','9782702436769','fr','http://books.google.com/books/content?id=WQwzo_ibrNMC&printsec=frontcover&img=1&zoom=1&edge=curl&source=gbs_api','Fiction','Roger Ackroyd se confie un soir à son vieil ami le Dr Sheppard. Il était sur le point d’épouser une jeune et richissime veuve quand celle-ci a mis fin à ses jours pour échapper à un affreux chantage. Dans sa dernière lettre elle lui livre un secret terrible : un an plus tôt, elle a assassiné son mari ! Traduit de l’anglais par Françoise Jamoul',NULL),(27,1,1,'Tristan et Iseut','','Béroul','LGF/Le Livre de Poche','2000-01-01 00:00:00','9782253160724','fr','http://books.google.com/books/content?id=JiUmtAEACAAJ&printsec=frontcover&img=1&zoom=1&source=gbs_api','Fiction','Tristan et Iseut, les amants de Cornouailles, unis pour avoir bu le philtre d\'amour. Cette légende médiévale a marqué plus que nulle autre l\'imagination et la sensibilité de l\'Europe entière. Elle apparaît d\'abord, fragmentaire et morcelée, dans des poèmes français du XIIe siècle, dont le roman de Béroul est sans doute le plus ancien. Nous en avons conservé la partie centrale : les amants épiés et finalement surpris, leur fuite et leur errance dans la forêt du Morrois, comment le roi Marc les y trouve endormis, séparés par l\'épée de Tristan, le serment ambigu prêté par Iseut. Pour découvrir l\'ensemble de la légende dans les textes originaux et leur traduction, on se reportera au volume de la collection Lettres gothiques : Tristan et Iseut. Les poèmes français. La saga norroise.',NULL),(28,1,4,'Le chien des Baskerville','','Arthur Conan Doyle','J\'ai lu','2012-01-01 00:00:00','9782290038581','fr','','','Des cris lugubres résonnent dans la lande... Et voici que la légende prend corps. Un chien énorme, créature fantomatique et infernale, serait à l’origine de la mort de sir Charles Baskerville. Une malédiction plane sur cette famille depuis que l’ancêtre impie provoqua en son temps les forces du mal ! Sherlock Holmes ne peut croire à de telles sornettes. Aussi, lorsqu’il dépêche le fidèle Watson auprès de sir Henry, l’héritier nouvellement débarqué d’Amérique, il ne doute pas de mettre rapidement fin aux spéculations. Pourtant, la mort frappe encore sur la lande. Et le manoir des Baskerville est le théâtre de phénomènes étranges...',NULL),(29,1,2,'Le Petit Prince','','Antoine de Saint-Exupéry','Aegitas','2021-09-17 16:52:42','9780369406453','fr','http://books.google.com/books/content?id=1ppDEAAAQBAJ&printsec=frontcover&img=1&zoom=1&edge=curl&source=gbs_api','Young Adult Fiction','Le Petit Prince est une œuvre de langue française, la plus connue d\'Antoine de Saint-Exupéry. Publié en 1943 à New York simultanément à sa traduction anglaise, c\'est une œuvre poétique et philosophique sous l\'apparence d\'un conte pour enfants. Traduit en quatre cent cinquante-sept langues et dialectes, Le Petit Prince est le deuxième ouvrage le plus traduit au monde après la Bible. Le langage, simple et dépouillé, parce qu\'il est destiné à être compris par des enfants, est en réalité pour le narrateur le véhicule privilégié d\'une conception symbolique de la vie. Chaque chapitre relate une rencontre du petit prince qui laisse celui-ci perplexe, par rapport aux comportements absurdes des «grandes personnes». Ces différentes rencontres peuvent être lues comme une allégorie. Les aquarelles font partie du texte and nbsp;et participent à cette pureté du langage: dépouillement et profondeur sont les qualités maîtresses de l\'œuvre. On peut y lire une invitation de l\'auteur à retrouver l\'enfant en soi, car «toutes les grandes personnes ont d\'abord été des enfants. (Mais peu d\'entre elles s\'en souviennent.)». L\'ouvrage est dédié à Léon Werth, mais «quand il était petit garçon».',NULL),(30,1,4,'Dom Juan de Molière (Analyse de l\'oeuvre)','Comprendre la littérature avec lePetitLittéraire.fr','Emmanuelle Laurent','lePetitLitteraire.fr','2016-12-28 16:54:02','9782806284983','fr','http://books.google.com/books/content?id=HlLPDQAAQBAJ&printsec=frontcover&img=1&zoom=1&edge=curl&source=gbs_api','Education','Décryptez Dom Juan de Molière avec l’analyse du PetitLitteraire.fr ! Que faut-il retenir de Dom Juan, la pièce incontournable du théâtre classique de Molière ? Retrouvez tout ce que vous devez savoir sur cette œuvre dans une analyse complète et détaillée. Vous trouverez notamment dans cette fiche : • Un résumé complet • Une présentation des personnages principaux tels que Dom Juan, Sganarelle et Elvire • Une analyse des spécificités de l’œuvre : le thème de l\'hypocrisie, le châtiment divin du libertin, et le mythe de Dom Juan Une analyse de référence pour comprendre rapidement le sens de l’œuvre. LE MOT DE L’ÉDITEUR : « Dans cette nouvelle édition de notre analyse de Dom Juan (2016), avec Emmanuelle Laurent, nous fournissons des pistes pour décoder cette célèbre pièce du théâtre de Molière. Notre analyse permet de faire rapidement le tour de l’œuvre et d’aller au-delà des clichés. » Stéphanie FELTEN À propos de la collection LePetitLitteraire.fr : Plébiscité tant par les passionnés de littérature que par les lycéens, LePetitLittéraire.fr est considéré comme une référence en matière d’analyse d’œuvres classiques et contemporaines. Nos analyses, disponibles au format papier et numérique, ont été conçues pour guider les lecteurs à travers la littérature. Nos auteurs combinent théories, citations, anecdotes et commentaires pour vous faire découvrir et redécouvrir les plus grandes œuvres littéraires. LePetitLittéraire.fr est reconnu d’intérêt pédagogique par le ministère de l’Éducation. Plus d’informations sur http://www.lepetitlitteraire.fr',NULL),(31,1,5,'Cinquante nuances de Grey','','E. L. James','Le Livre de poche','2014-02-05 16:55:58','9782253176503','fr','http://books.google.com/books/content?id=b1NeswEACAAJ&printsec=frontcover&img=1&zoom=1&source=gbs_api','Erotic stories','Roman érotique',NULL),(32,1,5,'Shutter island','','Dennis Lehane','Éditions Rivages','2013-03-01 16:56:55','9782743624774','fr','http://books.google.com/books/content?id=bqvLAgAAQBAJ&printsec=frontcover&img=1&zoom=1&edge=curl&source=gbs_api','Fiction','Dans les années cinquante, au large de Boston, sur un ilôt nommé Shutter Island, se dresse un hôpital psychiatrique pour assassins.',NULL),(33,1,4,'Réparer les vivants','','Maylis de Kerangal','Editions Gallimard','2015-05-13 16:58:15','9782072574795','fr','http://books.google.com/books/content?id=ZRl4CAAAQBAJ&printsec=frontcover&img=1&zoom=1&edge=curl&source=gbs_api','Fiction','\"Le cœur de Simon migrait dans un autre endroit du pays, ses reins, son foie et ses poumons gagnaient d\'autres provinces, ils filaient vers d\'autres corps.\" Réparer les vivants est le roman d\'une transplantation cardiaque. Telle une chanson de gestes, il tisse les présences et les espaces, les voix et les actes qui vont se relayer en vingt-quatre heures exactement. Roman de tension et de patience, d\'accélérations paniques et de pauses méditatives, il trace une aventure métaphysique, à la fois collective et intime, où le cœur, au-delà de sa fonction organique, demeure le siège des affects et le symbole de l\'amour.',NULL),(34,1,5,'Le Poète','','Michael Connelly','Calmann-Lévy','2015-06-17 16:59:47','9782702156759','fr','http://books.google.com/books/content?id=Hd1yCQAAQBAJ&printsec=frontcover&img=1&zoom=1&edge=curl&source=gbs_api','Fiction','Le chef-d’oeuvre absolu de l’auteur. Prix Mystère de la critique en 1998. Chroniqueur judiciaire au Rocky Mountain News, Jack McEvoy ne peut croire au suicide de son frère jumeau. Inspecteur de police, Sean ne serait pas parvenu à résoudre le mystère du meurtre d’une jeune femme retrouvée coupée en deux, et ne l’aurait pas supporté. S’il s’est bien tiré une balle dans la bouche comme le font les policiers dépressifs, que vient faire ce Hors de l’espace, hors du temps d’Edgar Allan Poe écrit sur le pare-brise de sa voiture? Et pourquoi Rusher, un indic qu’il devait voir ce jour-là, reste-t-il introuvable? En s’immisçant dans une base de données du FBI pour les besoins d’un article, McEvoy découvre avec stupéfaction que beaucoup de policiers se suicident et que le FBI mène l’enquête sur la mort de son frère. Il comprend alors que cette affaire est en passe de lui fournir son plus gros scoop sur des meurtres en série. Mais il pressent aussi qu’il est devenu la prochaine cible du suspect, un certain William Gladden, membre d’un réseau de pédophiles qui a, jusqu’à présent, toujours réussi à tromper les plus fins limiers lancés à ses trousses...',NULL),(35,1,2,'Astérix et le chaudron','','René Goscinny','Educa Books','2005-01-01 00:00:00','9782012101456','fr','http://books.google.com/books/content?id=Mh8sAAAACAAJ&printsec=frontcover&img=1&zoom=1&source=gbs_api','Art','8.7 x 0.4 x 11.5 inches • Shipping Weight: 0.9 Lbs. - Collection Classique.',NULL),(36,1,5,'Simetierre','','Stephen King','Albin Michel','2011-02-15 17:03:11','9782226216298','fr','http://books.google.com/books/content?id=_lB0EctzGr8C&printsec=frontcover&img=1&zoom=1&edge=curl&source=gbs_api','Fiction','Louis Creed, un jeune médecin de Chicago, vient s\'installer avec sa famille à Ludlow, petite bourgade du Maine. Leur voisin, le vieux Jud Grandall les emmène visiter le pittoresque « simetierre » où des générations d\'enfants ont enterré leurs animaux familiers. Mais au-delà de ce « simetierre », tout au fond de la forêt, se trouvent les terres sacrées des Indiens, lieu interdit qui séduit pourtant par ses monstrueuses promesses. Un drame atroce va bientôt déchirer l\'existence des Creed, et l\'on se retrouve happé dans un suspense cauchemardesque...',NULL),(37,1,2,'Le Petit Nicolas','','René Goscinny','IMAV éditions','2007-03-15 17:04:22','9782365901178','fr','http://books.google.com/books/content?id=c4cQCwAAQBAJ&printsec=frontcover&img=1&zoom=1&edge=curl&source=gbs_api','Juvenile Fiction','Retrouvez 19 histoires drôles et tendres de Nicolas et de son chouette tas de copains ! Les aventures du Petit Nicolas sont un chef d\'œuvre de notre littérature imaginé par deux humoristes de génie : René Goscinny et Jean-Jacques Sempé. \"Quand je serai grand, je m\'achèterai une classe, rien que pour jouer dedans.\" Dans ce volume : - Un souvenir qu\'on va chérir - Les cow-boys - Le Bouillon - Le football - On a eu l\'inspecteur - Rex - Djodjo - Le chouette bouquet - Les carnets - Louisette - On a répété pour le ministre - Je fume - Le Petit Poucet - Le vélo - Je suis malade - On a bien rigolé - Je fréquente Agnan - Monsieur Bordenave n\'aime pas le soleil - Je quitte la maison',NULL),(38,1,4,'Bel ami','','Guy de Maupassant','Larousse','2008-01-25 17:06:32','9782035855770','fr','http://books.google.com/books/content?id=xVlitDEXAsIC&printsec=frontcover&img=1&zoom=1&edge=curl&source=gbs_api','Fiction','Animé par une volonté farouche de réussite, Georges Duroy, ce \"Bel-Ami\", chéri des femmes, ne recule devant rien et use de la séduction comme d\'une arme. Journaliste, \"people\", avant la lettre, il fait et défait les hommes politiques en révélant leurs \"affaires\" véreuses ou leur vie privée. Pour Maupassant, l\'occasion était trop belle d\'utiliser les destin particulier de cet antihéros pour dénoncer la corruption des cercles du pouvoir et le cynisme de la société de la deuxième moitié du xIX siècle... OBJETS D\'ETUDE - Le narratif - Le réalisme - Le roman et ses personnages',NULL),(39,1,5,'Ca -','','Stephen King','Albin Michel','2010-05-20 17:07:46','9782226216052','fr','http://books.google.com/books/content?id=tGpSsf4GvToC&printsec=frontcover&img=1&zoom=1&edge=curl&source=gbs_api','Fiction','Tout avait commencé juste avant les vacances d\'été quand le petit Browers avait gravé ses initiales au couteau sur le ventre de son copain Ben Hascom. Tout s\'était terminé deux mois plus tard dans les égouts par la poursuite infernale d\'une créature étrange, incarnation même du mal. Mais aujourd\'hui tout recommence. Les enfants terrorisés sont devenus des adultes. Le présent retrouve le passé, le destin reprend ses droits, l\'horreur ressurgit. Chacun retrouvera dans ce roman à la construction saisissante ses propres souvenirs, ses angoisses et ses terreurs d\'enfant, la peur de grandir dans un monde de violence.',NULL),(40,1,5,'La Ligne verte','','Stephen King','Le Livre de Poche','2013-01-29 17:07:59','9782253175117','fr','http://books.google.com/books/content?id=MSCK1GwuiLUC&printsec=frontcover&img=1&zoom=1&edge=curl&source=gbs_api','Fiction','Paul Edgecombe, ancien gardien-chef d’un pénitencier dans les années 1930, entreprend d’écrire ses mémoires. Il revient sur l’affaire John Caffey – ce grand Noir au regard absent, condamné à mort pour le viol et le meurtre de deux fillettes – qui défraya la chronique en 1932. La Ligne verte décrit un univers étouffant et brutal, où la défiance est la règle. Personne ne sort indemne de ce bâtiment coupé du monde, où cohabitent une étrange souris apprivoisée par un Cajun pyromane, le sadique Percy Wetmore, et Caffey, prisonnier sans problème. Assez rapidement convaincu de l’innocence de cet homme doté de pouvoirs surnaturels, Paul fera tout pour le sauver de la chaise électrique. Aux frontières du roman noir et du fantastique, ce récit est aussi une brillante réflexion sur la peine de mort. Un livre de Stephen King très différent de ses habituelles incursions dans l’horreur, terriblement efficace et dérangeant.',NULL),(41,1,1,'La Bible','2 volumes : L\'Ancien Testament ; Le Nouveau Testament','Marc Sevin','Bayard Jeunesse','2013-03-21 17:08:35','9782747046619','fr','','','Une Bible illustrée pour accompagner les jeunes d’aujourd’hui. Un magnifique coffret doré constitué de deux livres, l’Ancien et le Nouveau Testament, dans lesquels tout est mis en oeuvre pour que les jeunes chrétiens reconnaissent dans la Bible la Parole de Dieu. L’écriture des récits bibliques a été menée en duo. Marc Sevin, prêtre et bibliste de renom, a décrypté la signification des textes à la lumière de l’avancée de la recherche exégétique. Anne Sophie du Bouëtiez, auteur et journaliste jeunesse, a employé sa plume pour réécrire les textes avec des mots simples. Ils ont choisi des extraits significatifs de la Bible, des passages \"incontournables\" et des textes moins connus, pour offrir une vision globale des livres bibliques. Ils se sont aussi appliqués à conserver le large éventail des styles littéraires de la Bible (récits historiques, symboliques, combats épiques, prières poétiques...).',NULL),(42,1,5,'Nous n\'irons plus au bois','','Mary Higgins Clark','Albin Michel','2011-05-02 17:09:30','9782226238160','fr','http://books.google.com/books/content?id=aIWU05fZl1oC&printsec=frontcover&img=1&zoom=1&edge=curl&source=gbs_api','Fiction','Laurie Kenyon, vingt et un ans, est arrêtée pour le meurtre de son professeur. Tout l\'accuse sans équivoque possible. Cependant Laurie ne se souvient de rien. Sarah, elle, refuse de croire que sa soeur est coupable. Avec l\'aide d\'un psychiatre, elle va peu à peu faire revivre le terrible passé de Laurie : son enlèvement à quatre ans, les violences qu\'elles a subies, les graves troubles de la personnalité qu\'elle a développés depuis, à son insu. Mais au même moment, le danger rôde à nouveau : le couple kidnappeur, qui a retrouvé sa trace, redoute ses révélations... La romancière de La Nuit du renard, Grand Prix de littérature policière 1980, nous entraîne dans un suspense où se mêlent à chaque page l\'angoisse, les cauchemars de l\'enfance, la folie.',NULL),(43,1,1,'Le Coran','','Malek Chebel','Livre de Poche','2011-01-01 00:00:00','9782253089179','fr','http://books.google.com/books/content?id=MVAV_gAACAAJ&printsec=frontcover&img=1&zoom=1&source=gbs_api','Fiction','\"Le Coran est un livre sacré pour plus de un milliard quatre cents millions de croyants dans le monde. Il est aussi le plus lu et le plus médité. La présente traduction directe de l\'arabe au français vise à le rendre plus accessible qu\'il ne l\'a jamais été auparavant. Le Coran, prodige de sens multiples et d\'images, se révèle ainsi dans sa grandeur et dans sa beauté.\" Malek Chebel.',NULL),(44,1,5,'Bonjour tristesse','','Françoise Sagan','Stock','2014-05-01 17:11:28','9782234075979','fr','http://books.google.com/books/content?id=rlh-AwAAQBAJ&printsec=frontcover&img=1&zoom=1&edge=curl&source=gbs_api','Fiction','Paru en 1954 Cécile a dix-sept ans et passe ses vacances d’été avec son père dans une villa louée au bord de la Méditerranée. Mais l’arrivée d’Anne vient troubler ce délicieux désordre.',NULL),(45,1,5,'Le petit livre rouge : Citations du Président Mao Zédong','','Mao Zedong','Bibliothèque Dissidente','2019-02-21 17:13:04','9780244761622','fr','http://books.google.com/books/content?id=Kmb5DwAAQBAJ&printsec=frontcover&img=1&zoom=1&edge=curl&source=gbs_api','Political Science','La politique est une guerre sans effusion de sang et la guerre une politique sanglante [...] chaque communiste doit s\'assimiler cette vérité que le pouvoir est au bout du fusil. Version préfacée par Lin Piao Le Petit Livre rouge est le livre le plus vendu au monde après la Bible, avec des ventes estimées à plus de 5 milliards selon l\'agence de presse officielle. Pendant la Révolution culturelle dont il devient l\'un des symboles, l\'étude du livre est obligatoire dans les écoles de l\'enseignement primaire au supérieur jusqu\'au le lieu de travail. Toutes les organisations, industrielles, commerciales, agricoles, administratives, militaires organisaient des sessions de formation en groupes de tout le personnel pour étudier le livre pendant les heures de travail. Les citations de Mao étaient imprimées en gras et en rouge, et presque toutes les publications écrites, y compris les ouvrages scientifiques, devaient citer Mao. La compréhension et l\'assimilation de la pensée Mao Zedong améliorent de façon irréversible la rentabilité au travail compensant largement au niveau de la production, le temps passé à cette étude.',NULL),(46,1,4,'Madame Bovary','moeurs de province','Gustave Flaubert','Editions Gallimard','2001-01-01 00:00:00','9782070413119','fr','http://books.google.com/books/content?id=bzdlAAAAMAAJ&printsec=frontcover&img=1&zoom=1&source=gbs_api','Adultery','Fille d\'un riche fermier, Emma Rouault épouse Charles Bovary, officier de santé et veuf récent d\'une femme tyrannique. Élevée dans un couvent, Emma aspire à vivre dans le monde de rêve dont parlent les romans à l\'eau de rose qu\'elle y a lu. Un bal au château de Vaubyessard la persuade qu\'un tel monde existe, mais le décalage qu\'elle découvre avec sa propre vie déclenche chez elle une maladie nerveuse. La naissance d\'une fille la distrait un peu, mais bientôt Emma cède aux avances de Rodolphe. Elle veut s\'enfuir avec son amant qui, lâche, l\'abandonne... [RERO]',NULL),(47,1,3,'Journal d\'un vampire 1','','L.J. Smith','Hachette Black Moon','2009-02-04 17:19:43','9782012028449','fr','http://books.google.com/books/content?id=lhgPtj7wPPAC&printsec=frontcover&img=1&zoom=1&edge=curl&source=gbs_api','Juvenile Fiction','Dès l’arrivée de Stefan Salvatore à Fell’s Church, Elena, la reine du lycée, se jure de le séduire. D’abord distant, le garçon aux allures d’ange rebelle finit par céder à sa passion dévorante... et à lui révéler son terrible secret. Quelques siècles plus tôt, la femme qu’il aimait l’a transformé en vampire, avant de le trahir avec son frère ennemi, Damon. Des événements tragiques se succèdent bientôt dans la région. Tout accuse Stefan mais Elena est convaincue de son innocence. Et si Damon, vampire cruel et assoiffé de sang, était derrière tout cela ? L’histoire est-elle amenée à se répéter ?',NULL),(48,1,3,'Le dossier Artemis Fowl','','Eoin Colfer','Gallimard jeunesse','2011-05-01 17:20:42','9782070640447','fr','http://books.google.com/books/content?id=1SoAfAEACAAJ&printsec=frontcover&img=1&zoom=1&source=gbs_api','Juvenile Fiction','Ce petit livre est une gourmandise offerte aux fans des aventures d’Artemis Fowl. On y trouvera deux histoires, une dont le héros est le nain Mulch Dilgum, qui aide Artemis à monter un mauvais coup, une autre met en scène le frère du commandant Root, mécréant redoutable cherchant à se venger de son frère responsable de son arrestation des années auparavant. Les lecteurs trouveront également entre ces deux histoires l’alphabet gnomique, le langage codé des fées, des interviews de divers personnages (Butler, Foaly, Holly Short...) et de l’auteur lui-même, ainsi que des explications techniques enrichies d’illustrations sur certaines des inventions du Peuple des fées. Le tout forme donc un ensemble très divertissant et très instructif ! Incontournable pour les nombreux amateurs de l’univers d’Artemis Fowl.',NULL),(49,1,3,'Ennemis - tome 2','Les trépassés','Charlie HIGSON','12-21','2014-01-23 17:21:37','9782823815863','fr','http://books.google.com/books/content?id=gr-aAgAAQBAJ&printsec=frontcover&img=1&zoom=1&edge=curl&source=gbs_api','Juvenile Fiction','ZOMBIS, MORTS-VIVANTS, CREVARDS, REVENANTS, ECTOPLASMES, SPECTRES... ? NON, PIRE. DES ADULTES ! Vous pensiez que vos parents seraient toujours là pour vous protéger ? Vous aviez tort... Maintenant ils errent dans les rues. Déments et affamés !',NULL),(50,1,3,'Tales of Berseria 3','','Nobu Aonagi/MUTSUMI INOMATA/KOSUKE FUJISHIMA/Tales of Berseria™and©BANDAI NAMCO Entertainment Inc.','Kodansha America LLC','2020-04-28 17:22:24','9781646592739','en','http://books.google.com/books/content?id=QYrcDwAAQBAJ&printsec=frontcover&img=1&zoom=1&edge=curl&source=gbs_api','Comics & Graphic Novels','REASON TO LIVE Overcome by his overwhelming strength, Velvet and crew set off in search for the secrets of Innominat, the source of Artorius’s power. But when the truth behind the Abbey’s plan is finally revealed, it unravels everything Velvet thought she knew–about the world, the Abbey, and Artorius. In order to defeat Artorius once and for all, Velvet accepts that some sacrifices will need to be made to protect the people she loves most. FINAL VOLUME!',NULL),(51,1,3,'La Maison de la Nuit - tome 4','Rebelle','Kristin CAST','12-21','2013-05-07 17:23:12','9782823808674','fr','http://books.google.com/books/content?id=FREIrYfgL9gC&printsec=frontcover&img=1&zoom=1&edge=curl&source=gbs_api','Juvenile Fiction','Entrez dans la Maison de la Nuit à vos risques et périls. Zoey vit ses jours les plus difficiles depuis qu\'elle est entrée à la Maison de la Nuit. Abandonnée par ses amis, elle n\'a plus personne vers qui se tourner. Sauf Aphrodite, qui lui confie ses terribles visions : Zoey est la seule à pouvoir empêcher Neferet de déclarer la guerre aux humains... Mais des forces supérieures manacent la jeune vampire : la nuit, elle est attaquée par des corbeaux terrifiants, qui annoncent peut-être la résurrection d\'un vieux démon. Déterminée à déjouer les plans de la Grande Prêtresse, Zoey a cruellement besoin d\'aide ! Qui sera prêt à la suivre ?',NULL),(52,1,3,'Sœurs de sang','Vampire Academy','Richelle Mead','Castelmore','2014-03-07 17:24:14','9782820514639','fr','http://books.google.com/books/content?id=DarqAgAAQBAJ&printsec=frontcover&img=1&zoom=1&edge=curl&source=gbs_api','Fiction','Seule votre meilleure amie peut vous protéger de vos ennemis... Saint-Vladimir est un lycée privé hors du commun : à l’abri des regards indiscrets, de jeunes vampires y apprennent la magie. Rose Hathaway est une dhampir et elle doit assurer la protection de sa meilleure amie Lissa, princesse moroï. Menacées au sein même de l’Academy, Lissa et Rose ont fugué ensemble, mais ont été ramenées de force derrière les hautes portes de Saint-Vladimir. Entre intrigues machiavéliques, rituels nocturnes inavouables et amours interdites, elles doivent rester sur leurs gardes : les Strigoï, vampires immortels et ennemis jurés des Moroï, pourraient bien faire de Lissa l’une d’entre eux pour l’éternité. Vampire Academy est un phénomène international, traduit dans plus de trente langues et bientôt au cinéma! « Une série captivante, passionnante, qui va séduire les adolescents par ses multiples rebondissements ; et il y a juste assez de romantisme pour qu’elle plaise aussi aux adultes. » lovevampires.com « Vampire Academy a tout : de l’action, de la romance, de jeunes vampires attirants et même des vampires maléfiques pour ceux qui aiment les classiques du genre. » vampires.com',NULL),(53,1,3,'Chainsaw Man T01','','Tatsuki Fujimoto','Kazé Manga','2020-03-11 17:52:51','9782820339072','fr','http://books.google.com/books/content?id=Gc_ODwAAQBAJ&printsec=frontcover&img=1&zoom=1&edge=curl&source=gbs_api','Comics & Graphic Novels','Pour rembourser ses dettes, Denji, jeune homme dans la dèche la plus totale, est exploité en tant que Devil Hunter avec son chien-démon-tronçonneuse, Pochita . Mais suite à une cruelle trahison, il voit enfin une possibilité de se tirer des bas-fonds où il croupit ! Devenu surpuissant après sa fusion avec Pochita, Denji est recruté par une organisation de Devil Hunters et part à la chasse aux démons...',NULL),(54,1,5,'Atomka','','Franck THILLIEZ','12-21','2012-10-11 17:54:18','9782265096400','fr','http://books.google.com/books/content?id=0Ahvnfp5MxgC&printsec=frontcover&img=1&zoom=1&edge=curl&source=gbs_api','Fiction','Entre le moment où s\'arrête la vie et celui où commence la mort il existe une frontière. Certains l\'ont explorée... À quelques jours de Noël une affaire d\'envergure démarre pour Lucie Hennebelle et Franck Sharko, policiers dans la fameuse section criminelle du 36, quai des Orfèvres. Christophe Gamblin, journaliste de faits divers, est retrouvé mort de froid, enfermé dans son congélateur. Sa collègue est amie a disparu, alors qu\'elle enquêtait sur un dossier explosif dont personne ne connaît le contenu. Sa seule trace est son identité griffonnée sur un papier détenu par un enfant errant très malade, aux organes déjà vieillissants. En parallèle, une ancienne affaire de femmes enlevées refait surface : des victimes jetées vivantes mais inconscientes dans des lacs quasi gelés, et secourues in extremis grâce à des coups de fil mystérieux à la police. Tandis que l\'enquête s\'accélère, Sharko est confronté à de vieux démons. Une ombre évolue dans son sillage, jouant avec lui de manière dangereuse. Un duel secret et cruel s\'engage alors, détruisant le flic à petit feu...',NULL),(55,1,2,'Tom-Tom et Nana','Allez les monstres !','Évelyne Reberg','Bayard Jeunesse','2017-03-01 17:56:05','9791029302879','fr','http://books.google.com/books/content?id=1MA-DgAAQBAJ&printsec=frontcover&img=1&zoom=1&edge=curl&source=gbs_api','Juvenile Fiction','En 9 histoires, les inépuisables bêtises du frère et de la soeur, duo infernal. C\'est la fête de l\'horreur, et Tom-Tom refuse catégoriquement que Nana y participe. Histoires initialement parues dans le journal J\'aime lire.',NULL),(56,1,3,'Gone tome 6 La lumière','','Michael GRANT','12-21','2013-10-17 17:58:54','9782266225939','fr','http://books.google.com/books/content?id=2XNJAQAAQBAJ&printsec=frontcover&img=1&zoom=1&edge=curl&source=gbs_api','Juvenile Fiction','IMAGINEZ... Il y a maintenant plus d\'un an que tous les adultes ont disparu... Mais Gaïa, elle, est toujours là, et sa soif de destruction est intacte. Pour empêcher le monde de tomber sous son emprise, de douloureux sacrifices seront nécessaires. Des ennemis jurés seront contraints de s\'allier... pour une ultime bataille. Les enfants de Perdido Beach parviendront-ils à survivre et comprendre, enfin, ce qui s\'est vraiment passé dans la Zone ?',NULL),(57,1,3,'La vague','','Todd STRASSER','12-21','2015-05-28 18:00:31','9782823823578','fr','http://books.google.com/books/content?id=MVlxCQAAQBAJ&printsec=frontcover&img=1&zoom=1&edge=curl&source=gbs_api','Literary Collections','L\'Histoire est un éternel recommencement. L\'histoire vraie d\'une expérience inouïe tentée en 1969 dans un lycée californien. Pour faire comprendre les mécanismes du nazisme à ses élèves, Ben Ross, professeur d\'Histoire, crée un mouvement expérimental au slogan fort : \" La Force par la Discipline, la Force par la Communauté, la Force par l\'Action. \" En l\'espace de quelques jours, l\'atmosphère du paisible lycée californien se transforme en microcosme totalitaire : avec une docilité effrayante, les élèves abandonnent leur libre arbitre pour répondre aux ordres de leur nouveau leader. Quel choc pourra être assez violent pour réveiller leurs consciences et mettre fin à la démonstration ? \" Ce best-seller, qui est devenu un manuel d\'Histoire en Allemagne et un film, souligne qu\'il est facile de se transformer en petit fasciste du jour au lendemain. \" Philippe Vallet – France Info',NULL),(58,1,3,'Neon Genesis Evangelion','The Unofficial Guide','Kazuhisa Fujie','DH Publishing Inc','2004-01-01 00:00:00','9780974596143','en','http://books.google.com/books/content?id=2SX3lUu_IPAC&printsec=frontcover&img=1&zoom=1&edge=curl&source=gbs_api','Juvenile Nonfiction','Answers many of the questions this animated story has raised, from the material world of New Tokyo 3 and the mechanics of the Evas to the spiritual significance of the battle to destroy the angels.',NULL),(59,1,2,'Arc-en-ciel','le plus beau poisson des océans','Marcus Pfister','NordSud','1999-08-01 18:03:13','9783314209055','fr','http://books.google.com/books/content?id=Kp_DsgEACAAJ&printsec=frontcover&img=1&zoom=1&source=gbs_api','Juvenile Fiction','Un livre d\'images Nord-Sud Arc-en-ciel est le plus beau poisson de tous les océans. Ses écailles brillent et scintillent de toutes les couleurs de l\'arc-en-ciel. Mais il est si fier et si vaniteux qu\'il en est aussi très seul. Un jour, il offre à un petit poisson l\'une de ses belles écailles. Puis une autre, puis beaucoup d\'autres, et il découvre enfin qu\'il n\'y a de vrai bonheur que dans le partage.',NULL),(60,1,1,'Romeo Et Juliette (Ed.1886)','','William Shakespeare','Hachette Livre - Bnf','2005-06-24 00:00:00','9782012624542','fr','http://books.google.com/books/content?id=fWIflAEACAAJ&printsec=frontcover&img=1&zoom=1&source=gbs_api','Literary Criticism','Romeo et Juliette / tragedie de Shakespeare; trad. de Daffry de la Monnoye; ill. d\'Andriolli; gravures de HuyotDate de l\'edition originale: 1886Ce livre est la reproduction fidele d\'une oeuvre publiee avant 1920 et fait partie d\'une collection de livres reimprimes a la demande editee par Hachette Livre, dans le cadre d\'un partenariat avec la Bibliotheque nationale de France, offrant l\'opportunite d\'acceder a des ouvrages anciens et souvent rares issus des fonds patrimoniaux de la BnF.Les oeuvres faisant partie de cette collection ont ete numerisees par la BnF et sont presentes sur Gallica, sa bibliotheque numerique.En entreprenant de redonner vie a ces ouvrages au travers d\'une collection de livres reimprimes a la demande, nous leur donnons la possibilite de rencontrer un public elargi et participons a la transmission de connaissances et de savoirs parfois difficilement accessibles.Nous avons cherche a concilier la reproduction fidele d\'un livre ancien a partir de sa version numerisee avec le souci d\'un confort de lecture optimal. Nous esperons que les ouvrages de cette nouvelle collection vous apporteront entiere satisfaction.Pour plus d\'informations, rendez-vous sur www.hachettebnf.frhttp: //gallica.bnf.fr/ark: /12148/bpt6k103322c',NULL),(61,1,2,'C\'est moi le plus fort','','Mario Ramos','','2017-04-26 18:08:17','9782211232517','fr','http://books.google.com/books/content?id=YSiNtAEACAAJ&printsec=frontcover&img=1&zoom=1&source=gbs_api','','Il rencontre ensuite les trois petits cochons. \" Que vois-je ? Trois petits cochons loin de leurs maisons ! Comme c\'est imprudent ! Dites-moi, les petits dodus, qui est le plus fort ? \" demande le loup. [www.amazon.fr]',NULL),(62,1,2,'Madame Range-Tout','','Roger Hargreaves','Hachette','2008-04-30 00:00:00','9782012248236','fr','http://books.google.com/books/content?id=35neOwAACAAJ&printsec=frontcover&img=1&zoom=1&source=gbs_api','Conduct of life','Littérature jeunesse: première lecture',NULL),(63,1,2,'Les cadeaux de Lisa','','Freya Blackwood','Lo éditions','2012-01-01 00:00:00','9788897737018','fr','http://books.google.com/books/content?id=gGzDNAEACAAJ&printsec=frontcover&img=1&zoom=1&source=gbs_api','','Les cadeaux de Lisa sont peut-être incongrus, mais ils viennent toujours du cœur.',NULL),(64,1,2,'Lisa a disparu','','Jo Hoestlandt','Nathan','2010-05-17 18:10:24','9782092528174','fr','http://books.google.com/books/content?id=obq89DXYz-8C&printsec=frontcover&img=1&zoom=1&edge=curl&source=gbs_api','Juvenile Fiction','À quoi ça peut bien penser une petite fille aujourd\'hui... ? Dès 10 ans . - Lisa a disparu. Un soir, elle n\'est pas rentrée de l\'école. Mais où est-elle ? Tout le monde s\'interroge : son père, sa mère, sa babysitter, son institutrice, son ex-meilleure amie, et le policier qui la recherche. Mais qu\'est-ce qui a bien pu lui passer par la tête, elle d\'ordinaire si sage, si discrète ? Le chien, lui, il sait où est Lisa. Elle est là, sur la plage, poussée par une soudaine envie de ne pas rentrer chez elle, et elle rêve. Elle voudrait vivre une aventure comme dans les livres, elle voudrait voir les dauphins, elle voudrait qu\'on ne la houspille plus tout le temps pour qu\'elle se dépêche, que ses parents se remettent ensemble, et que ses amies l\'écoutent pour qu\'elle raconte son voyage. Et la mer la réconforte... -',NULL),(65,1,1,'Assassination classroom -','','Yusei Matsui','Kana','2013-11-07 18:13:21','9782505046172','fr','http://books.google.com/books/content?id=s_EuAgAAQBAJ&printsec=frontcover&img=1&zoom=1&edge=curl&source=gbs_api','Comics & Graphic Novels','Une ravissante professeur d\'anglais est affectée à la classe E. Mais la jeune femme est en réalité une tueuse professionnelle qui va user de ses charmes pour se rapprocher de la cible !! L\'assassinat de M. Koro réussira-t-il cette fois-ci ?!',NULL),(66,1,3,'Ouran High School Host Club','','Bisco Hatori','VIZ Media LLC','2011-07-14 18:14:24','9781421544014','en','http://books.google.com/books/content?id=jTvwAQAAQBAJ&printsec=frontcover&img=1&zoom=1&source=gbs_api','Comics & Graphic Novels','One day, Haruhi, a scholarship student at exclusive Ouran High School, breaks an $80,000 vase that belongs to the \"Host Club,\" a mysterious campus group consisting of six super-rich (and gorgeous) guys. To pay back the damages, she is forced to work for the club, and it\'s there that she discovers just how wealthy the boys are and how different they are from everybody else. -- VIZ Media',NULL),(67,1,2,'Vigilante - My Hero Academia Illegals T03','','Kohei Horikoshi','Ki-oon','2018-06-07 18:16:06','9791032703007','fr','http://books.google.com/books/content?id=EiReDwAAQBAJ&printsec=frontcover&img=1&zoom=1&edge=curl&source=gbs_api','Comics & Graphic Novels','Les héros de l\'ombre à la rescousse ! Un peu malgré lui, Koichi est devenu l\'élève de Knuckle Duster, un héros sans alter qui pratique une justice plutôt expéditive... Depuis, la petite maison de l\'étudiant est régulièrement envahie par le vieux combattant irascible ainsi que par Pop Step, une célébrité locale qui a décidé de les aider. Mais le trio ignore encore l\'identité de son principal adversaire... Kuin Hachisuka a beau n\'être que lycéenne, c\'est elle qui gère le trafic de trigger dans le quartier, et cette super-vilaine à mi-temps n\'a pas fini de semer le chaos en ville !',NULL),(68,1,3,'Yann le forestier','Suivi de Le feu vers la rivière. Suivi de Silves. Suivi de Hautes les demeures','Gisèle Lombard-Mauroy','FeniXX','1957-01-01 18:17:32','9782715251311','fr','http://books.google.com/books/content?id=LUKEDwAAQBAJ&printsec=frontcover&img=1&zoom=1&edge=curl&source=gbs_api','Fiction','Cet ouvrage est une réédition numérique d’un livre paru au XXe siècle, désormais indisponible dans son format d’origine.',NULL),(69,1,3,'Fullstack React','The Complete Guide to ReactJS and Friends','Accomazzo Anthony','Fullstack.IO','2015-04-30 00:00:00','9780991344628','en','http://books.google.com/books/content?id=ppjUtAEACAAJ&printsec=frontcover&img=1&zoom=1&source=gbs_api','Computers','LEARN REACT TODAY The up-to-date, in-depth, complete guide to React and friends. Become a ReactJS expert today',NULL),(70,1,3,'Toujours plus, + = +','','Léna SITUATIONS','Robert Laffont','2015-04-30 00:00:00','9782221250884','fr','http://books.google.com/books/content?id=1-D7DwAAQBAJ&printsec=frontcover&img=1&zoom=1&edge=curl&source=gbs_api','Family & Relationships','\" Je vous jure, il est bien, achetez-le ! \" Parce que, depuis le lycée, Lena est une adepte du développement personnel, elle a souhaité faire de ce livre un guide pratique à destination des jeunes pour dire NON à la déprime, à la morosité et à la spirale du négatif ; OUI au positif, à la joie, à l\'acceptation de soi et à la réussite. Un manuel pratique et militant, de bonne humeur et d\'esprit positif, qu\'elle résume elle-même sous cette formule : + = +',NULL),(71,1,3,'Romy - Dans la p\'tite vie d\'une étudiante (ou pas !)','','ROMY','Dragon D\'Or','2015-04-30 00:00:00','9782821213449','fr','http://books.google.com/books/content?id=kNcBEAAAQBAJ&printsec=frontcover&img=1&zoom=1&edge=curl&source=gbs_api','Juvenile Fiction','Romane : toi et moi, faut qu\'on parle ! Si j\'ai pris mon courage à deux mains, si je t\'écris cette lettre aujourd\'hui, c\'est pour te raconter à quoi va ressembler ta vie ces quatre prochaines années. Pour que tu t\'y prépares et pour que tu sois vigilante, SURTOUT. Promets-le moi, meuf. Les partenariats, les potes, les crushs, les abonné•e•s, le YouTube Game, les erreurs, les déceptions, le monde des grands : je vais te raconter l\'envers du décor, car crois-moi, de l\'éxtérieur, on ne voit que le haut de l\' iceberg et t\'es loin de connaître l\'univers dans lequel t\'es tombée ma p\'tite ! J\'vais te dire pas mal de trucs pas trop cool... parce que j\'veux que tu sois prête à faire face à tout ça. Mais comme tu t\'en doutes, le positif primera toujours ! C\'est dans ta nature ! Le meilleur conseil que j\'peux te donner ? Apprends de tes erreurs. Ne les regrette jamais. Elles te permettront d\'aller de l\'avant et de te donner la force d\'affronter le lendemain. Alors, ready ?',NULL),(72,1,2,'La maison hantée','','Jan Pieńkowski','','2015-04-30 00:00:00','9782092547861','fr','','','Une maison hantée à explorer pour découvrir plein de surprises animées plus farfelues les unes que les autres : des monstres dans la cuisine, un gorille dans la salle de bain, un chat dans les toilettes, des fantômes dans le lit et bien d\'autres choses encore !',NULL),(73,1,2,'Touriste','','Julien Blanc-Gras','Livre de Poche','2015-04-30 00:00:00','9782253164517','fr','http://books.google.com/books/content?id=J_PenAEACAAJ&printsec=frontcover&img=1&zoom=1&source=gbs_api','Fiction','Certains veulent faire de leur vie une uvre d\'art, je compte en faire un long voyage. Je n\'ai pas l\'intention de me proclamer explorateur. Je ne veux ni conquerir les sommets vertigineux, ni braver les deserts infernaux. Je ne suis pas aussi exigeant. Touriste, ca me suffit. Le touriste traverse la vie, curieux et detendu, avec le soleil en prime. Il prend le temps d\'etre futile. De s\'adonner a des activites non productives mais enrichissantes. Le monde est sa maison. Chaque ville, une victoire. J. B.-G.\"Julien Blanc-Gras appartient a cette race de passeurs decomplexes qui comptent bien traverser Canaan et toute la planete, sans pietiner quarante ans le desert. Cultive, facetieux et drolissime, il est dote du regard penetrant et decale de celui qui sait apprecier sans etre dupe.\" Bernadette Atlan, \"Le Nouvel Observateur.\"\"',NULL),(74,1,4,'L\'ingénieux hidalgo Don Quichotte de la Manche','roman. 1','Miguel de Cervantes Saavedra','','2015-04-30 00:00:00','9782757891629','fr','','','',NULL),(75,1,4,'Un Conte de deux villes','','Charles Dickens','Gallimard Education','2015-04-30 00:00:00','9782070381951','fr','','Fiction','',NULL),(76,1,2,'Alice in Wonderland Au Pays Des Merveilles','Bilingual Edition English French','Lewis Carroll','Editions Durand-Peyroles','2015-04-30 00:00:00','9782915723250','fr','http://books.google.com/books/content?id=pxb8tgAACAAJ&printsec=frontcover&img=1&zoom=1&source=gbs_api','','The masterpiece of Lewis Carroll with the English and French texts, in parallel. Rediscover the pleasure to read the adventures of Alice!',NULL),(77,1,3,'Twilight - Tome 1 : Fascination','','Stephenie Meyer','Hachette Black Moon','2015-04-30 00:00:00','9782012019706','fr','http://books.google.com/books/content?id=zZcCDBFPh94C&printsec=frontcover&img=1&zoom=1&edge=curl&source=gbs_api','Juvenile Fiction','Isabella Swan, 17 ans, déménage à Forks, petite ville pluvieuse dans l\'état de Washington, pour vivre avec son père. Elle s\'attend à ce que sa nouvelle vie soit aussi ennuyeuse que la ville elle-même. Or, au lycée, elle est terriblement intriguée par le comportement d\'une étrange fratrie, deux filles et trois garçons. Bella tombe follement amoureuse de l\'un d\'eux, Edward Cullen. Ce garçon beau comme un dieu et qui lui sauve la vie plusieurs fois a selon les Indiens le sang froid... Une relation sensuelle et dangereuse commence alors entre les deux jeunes gens : quand Isabella admet que Edward est un vampire, il est déjà trop tard.',NULL),(78,1,2,'Reptilis','','Anne Robillard','','2015-04-30 00:00:00','9782749913087','fr','','','La destruction de la base montréalaise de l\'A.N.G.E. oblige ses agents à se réfugier dans un abri souterrain du village canadien d\'Alert Bay. Les membres de l\'équipe sont ensuite dispersés dans d\'autres divisions à travers le pays, malgré les efforts de leur chef Cédric pour les rassembler... Toutefois, Océane et Cindy sont envoyées ensemble à Toronto où le Faux Prophète, un redoutable manipulateur, a été aperçu. En espionnant Thierry Morin, l\'étrange enquêteur aux pouvoirs surnaturels, elles découvrent une vaste conspiration vieille de plusieurs milliers d\'années. En plus d\'être aux prises avec l\'Antéchrist, l\'A.N.G.E. devra alors faire face à un ennemi beaucoup plus sournois, oeuvrant depuis longtemps au sein de tous les gouvernements de la planète. Mais comment avertir les humains de l\'existence d\'une menace qu\'ils refusent d\'admettre ?',NULL),(79,1,2,'Divergente racontée par Quatre','','Veronica Roth','','2015-04-30 00:00:00','9782092558652','fr','','','Lors de la cérémonie du Choix, un jeune Altruiste se dresse contre sa famille et choisit de quitter sa faction pour rejoindre celle des Audacieux. Il abandonne son prénom Tobias et devient Quatre. Une nouvelle vie s\'offre à lui, faite de liberté, mais aussi de dangers.',NULL),(80,1,2,'Dune','','Frank Herbert','','2015-04-30 00:00:00','9782266233200','fr','','Dune (Imaginary place)','Il n\'y a pas, dans tout l\'Empire, de planète plus inhospitalière que Dune. Partout des sables à perte de vue. Une seule richesse : l\'épice de longue vie, née du désert, et que tout l\'univers convoite. Quand Leto Atréides reçoit Dune en fief, il flaire le piège. Il aura besoin des guerriers Fremen qui, réfugiés au fond du désert, se sont adaptés à une vie très dure en préservant leur liberté, leurs coutumes et leur foi. Ils rêvent du prophète qui proclamera la guerre sainte et changera le cours de l\'histoire. Cependant, les Révérendes Mères du Bene Gesserit poursuivent leur programme millénaire de sélection génétique : elles veulent créer un homme qui réunira tous les dons latents de l\'espèce. Le Messie des Fremen est-il déjà né dans l\'Empire ?',NULL),(82,1,2,'L\'envol','','Anne Robillard','','2015-04-30 00:00:00','9782749929156','fr','','','Ce troisième et dernier tome de la série voit Logan McEwan toucher au but dans l\'exploration de ses incarnations antérieures. Transporté dans la ville fortifiée de Novgorod, la plus ancienne cité russe, il se retrouve ensuite à Florence, à Boston, et, bientôt, dans une station spatiale... Mais c\'est en retournant sur les grandes plaines américaines, là où il a vécu sa vie de capitaine Theodore Hansen, qu\'il comprend enfin son importante mission, cette grande destinée vers laquelle on le conduit malgré lui. Bientôt, les entités obscures commencent à attaquer Logan sur son ranch. Les êtres de lumière lui envoient des renforts tandis que Rain l\'aide à développer davantage ses pouvoirs. Mais qui triomphera, alors que l\'aventure approche de son dénouement ?',NULL);
/*!40000 ALTER TABLE `book` ENABLE KEYS */;
UNLOCK TABLES;

--
-- Table structure for table `book_opinion`
--

DROP TABLE IF EXISTS `book_opinion`;
/*!40101 SET @saved_cs_client     = @@character_set_client */;
/*!40101 SET character_set_client = utf8 */;
CREATE TABLE `book_opinion` (
  `book_id` int(11) NOT NULL,
  `opinion_id` int(11) NOT NULL,
  PRIMARY KEY (`book_id`,`opinion_id`),
  KEY `IDX_382298B116A2B381` (`book_id`),
  KEY `IDX_382298B151885A6A` (`opinion_id`),
  CONSTRAINT `FK_382298B116A2B381` FOREIGN KEY (`book_id`) REFERENCES `book` (`id`) ON DELETE CASCADE,
  CONSTRAINT `FK_382298B151885A6A` FOREIGN KEY (`opinion_id`) REFERENCES `opinion` (`id`) ON DELETE CASCADE
) ENGINE=InnoDB DEFAULT CHARSET=utf8mb4 COLLATE=utf8mb4_unicode_ci;
/*!40101 SET character_set_client = @saved_cs_client */;

--
-- Dumping data for table `book_opinion`
--

LOCK TABLES `book_opinion` WRITE;
/*!40000 ALTER TABLE `book_opinion` DISABLE KEYS */;
/*!40000 ALTER TABLE `book_opinion` ENABLE KEYS */;
UNLOCK TABLES;

--
-- Table structure for table `book_tag`
--

DROP TABLE IF EXISTS `book_tag`;
/*!40101 SET @saved_cs_client     = @@character_set_client */;
/*!40101 SET character_set_client = utf8 */;
CREATE TABLE `book_tag` (
  `book_id` int(11) NOT NULL,
  `tag_id` int(11) NOT NULL,
  PRIMARY KEY (`book_id`,`tag_id`),
  KEY `IDX_F2F4CE1516A2B381` (`book_id`),
  KEY `IDX_F2F4CE15BAD26311` (`tag_id`),
  CONSTRAINT `FK_F2F4CE1516A2B381` FOREIGN KEY (`book_id`) REFERENCES `book` (`id`) ON DELETE CASCADE,
  CONSTRAINT `FK_F2F4CE15BAD26311` FOREIGN KEY (`tag_id`) REFERENCES `tag` (`id`) ON DELETE CASCADE
) ENGINE=InnoDB DEFAULT CHARSET=utf8mb4 COLLATE=utf8mb4_unicode_ci;
/*!40101 SET character_set_client = @saved_cs_client */;

--
-- Dumping data for table `book_tag`
--

LOCK TABLES `book_tag` WRITE;
/*!40000 ALTER TABLE `book_tag` DISABLE KEYS */;
INSERT INTO `book_tag` VALUES (1,1),(1,2),(1,3),(3,85),(3,106),(4,1),(4,88),(4,90),(5,85),(5,86),(5,87),(6,1),(6,35),(6,57),(7,1),(7,7),(7,83),(8,1),(8,39),(8,51),(10,7),(10,45),(10,47),(11,1),(11,91),(11,92),(13,1),(13,45),(13,47),(14,1),(14,22),(15,1),(15,45),(15,107),(16,12),(16,85),(17,93),(18,93),(18,94),(18,97),(19,89),(19,95),(20,95),(21,1),(21,7),(21,93),(22,45),(22,47),(22,87),(23,7),(23,45),(23,108),(24,96),(24,107),(25,46),(25,49),(25,108),(26,36),(26,49),(26,108),(27,81),(27,86),(27,87),(28,45),(28,85),(29,1),(30,7),(30,81),(30,98),(31,6),(31,51),(32,12),(32,89),(32,97),(33,49),(33,101),(34,12),(34,108),(35,1),(35,107),(35,109),(36,12),(36,85),(36,97),(37,16),(37,105),(37,107),(38,51),(38,100),(39,89),(39,97),(40,89),(40,97),(41,37),(42,45),(42,85),(43,37),(44,6),(44,14),(45,50),(45,110),(46,13),(46,18),(47,70),(47,86),(48,1),(48,110),(49,58),(49,97),(50,1),(50,7),(50,111),(51,7),(51,86),(51,111),(52,70),(52,86),(52,102),(53,5),(53,102),(53,104),(54,85),(54,89),(55,53),(55,103),(55,107),(56,85),(56,102),(57,29),(57,42),(58,13),(58,88),(59,53),(59,85),(60,6),(60,42),(60,77),(61,53),(61,85),(62,53),(62,85),(63,53),(63,85),(64,53),(64,85),(65,2),(65,87),(65,107),(66,2),(66,92),(67,1),(67,2),(67,85),(68,86),(68,105),(69,72),(69,105),(70,21),(70,71),(71,21),(71,71),(72,85),(72,97),(73,92),(73,95),(74,81),(74,85),(75,81),(75,85),(76,53),(76,93),(77,6),(77,111),(78,1),(78,31),(79,1),(79,85),(80,1),(80,85),(82,1),(82,93);
/*!40000 ALTER TABLE `book_tag` ENABLE KEYS */;
UNLOCK TABLES;

--
-- Table structure for table `comment`
--

DROP TABLE IF EXISTS `comment`;
/*!40101 SET @saved_cs_client     = @@character_set_client */;
/*!40101 SET character_set_client = utf8 */;
CREATE TABLE `comment` (
  `id` int(11) NOT NULL AUTO_INCREMENT,
  `creation_date` datetime NOT NULL,
  `content` varchar(255) COLLATE utf8mb4_unicode_ci NOT NULL,
  `number_like` int(11) NOT NULL,
  `users_id` int(11) NOT NULL,
  PRIMARY KEY (`id`),
  KEY `IDX_9474526C67B3B43D` (`users_id`),
  CONSTRAINT `FK_9474526C67B3B43D` FOREIGN KEY (`users_id`) REFERENCES `user` (`id`)
) ENGINE=InnoDB DEFAULT CHARSET=utf8mb4 COLLATE=utf8mb4_unicode_ci;
/*!40101 SET character_set_client = @saved_cs_client */;

--
-- Dumping data for table `comment`
--

LOCK TABLES `comment` WRITE;
/*!40000 ALTER TABLE `comment` DISABLE KEYS */;
/*!40000 ALTER TABLE `comment` ENABLE KEYS */;
UNLOCK TABLES;

--
-- Table structure for table `doctrine_migration_versions`
--

DROP TABLE IF EXISTS `doctrine_migration_versions`;
/*!40101 SET @saved_cs_client     = @@character_set_client */;
/*!40101 SET character_set_client = utf8 */;
CREATE TABLE `doctrine_migration_versions` (
  `version` varchar(191) COLLATE utf8mb3_unicode_ci NOT NULL,
  `executed_at` datetime DEFAULT NULL,
  `execution_time` int(11) DEFAULT NULL,
  PRIMARY KEY (`version`)
) ENGINE=InnoDB DEFAULT CHARSET=utf8mb3 COLLATE=utf8mb3_unicode_ci;
/*!40101 SET character_set_client = @saved_cs_client */;

--
-- Dumping data for table `doctrine_migration_versions`
--

LOCK TABLES `doctrine_migration_versions` WRITE;
/*!40000 ALTER TABLE `doctrine_migration_versions` DISABLE KEYS */;
/*!40000 ALTER TABLE `doctrine_migration_versions` ENABLE KEYS */;
UNLOCK TABLES;

--
-- Table structure for table `library`
--

DROP TABLE IF EXISTS `library`;
/*!40101 SET @saved_cs_client     = @@character_set_client */;
/*!40101 SET character_set_client = utf8 */;
CREATE TABLE `library` (
  `id` int(11) NOT NULL AUTO_INCREMENT,
  PRIMARY KEY (`id`)
) ENGINE=InnoDB AUTO_INCREMENT=6 DEFAULT CHARSET=utf8mb4 COLLATE=utf8mb4_unicode_ci;
/*!40101 SET character_set_client = @saved_cs_client */;

--
-- Dumping data for table `library`
--

LOCK TABLES `library` WRITE;
/*!40000 ALTER TABLE `library` DISABLE KEYS */;
INSERT INTO `library` VALUES (2),(3),(4),(5);
/*!40000 ALTER TABLE `library` ENABLE KEYS */;
UNLOCK TABLES;

--
-- Table structure for table `opinion`
--

DROP TABLE IF EXISTS `opinion`;
/*!40101 SET @saved_cs_client     = @@character_set_client */;
/*!40101 SET character_set_client = utf8 */;
CREATE TABLE `opinion` (
  `id` int(11) NOT NULL AUTO_INCREMENT,
  `creation_date` datetime NOT NULL,
  `note` int(11) DEFAULT NULL,
  `comment` int(11) DEFAULT NULL,
  `users_id` int(11) NOT NULL,
  PRIMARY KEY (`id`),
  KEY `IDX_AB02B02767B3B43D` (`users_id`),
  CONSTRAINT `FK_AB02B02767B3B43D` FOREIGN KEY (`users_id`) REFERENCES `user` (`id`)
) ENGINE=InnoDB DEFAULT CHARSET=utf8mb4 COLLATE=utf8mb4_unicode_ci;
/*!40101 SET character_set_client = @saved_cs_client */;

--
-- Dumping data for table `opinion`
--

LOCK TABLES `opinion` WRITE;
/*!40000 ALTER TABLE `opinion` DISABLE KEYS */;
/*!40000 ALTER TABLE `opinion` ENABLE KEYS */;
UNLOCK TABLES;

--
-- Table structure for table `post`
--

DROP TABLE IF EXISTS `post`;
/*!40101 SET @saved_cs_client     = @@character_set_client */;
/*!40101 SET character_set_client = utf8 */;
CREATE TABLE `post` (
  `id` int(11) NOT NULL AUTO_INCREMENT,
  `creation_date` datetime NOT NULL,
  `image` varchar(255) COLLATE utf8mb4_unicode_ci NOT NULL,
  `legend` varchar(255) COLLATE utf8mb4_unicode_ci NOT NULL,
  `number_view` int(11) NOT NULL,
  `number_like` int(11) NOT NULL,
  `number_comment` int(11) NOT NULL,
  `number_share` int(11) NOT NULL,
  `users_id` int(11) NOT NULL,
  PRIMARY KEY (`id`),
  KEY `IDX_5A8A6C8D67B3B43D` (`users_id`),
  CONSTRAINT `FK_5A8A6C8D67B3B43D` FOREIGN KEY (`users_id`) REFERENCES `user` (`id`)
) ENGINE=InnoDB DEFAULT CHARSET=utf8mb4 COLLATE=utf8mb4_unicode_ci;
/*!40101 SET character_set_client = @saved_cs_client */;

--
-- Dumping data for table `post`
--

LOCK TABLES `post` WRITE;
/*!40000 ALTER TABLE `post` DISABLE KEYS */;
/*!40000 ALTER TABLE `post` ENABLE KEYS */;
UNLOCK TABLES;

--
-- Table structure for table `status`
--

DROP TABLE IF EXISTS `status`;
/*!40101 SET @saved_cs_client     = @@character_set_client */;
/*!40101 SET character_set_client = utf8 */;
CREATE TABLE `status` (
  `id` int(11) NOT NULL AUTO_INCREMENT,
  `wording` varchar(255) COLLATE utf8mb4_unicode_ci NOT NULL,
  PRIMARY KEY (`id`)
) ENGINE=InnoDB AUTO_INCREMENT=9 DEFAULT CHARSET=utf8mb4 COLLATE=utf8mb4_unicode_ci;
/*!40101 SET character_set_client = @saved_cs_client */;

--
-- Dumping data for table `status`
--

LOCK TABLES `status` WRITE;
/*!40000 ALTER TABLE `status` DISABLE KEYS */;
INSERT INTO `status` VALUES (1,'Default'),(2,'Jai'),(3,'Je veux'),(4,'Je lis'),(5,'Jai lu'),(6,'Je ne veux plus'),(7,'Jaime'),(8,'Je naime pas');
/*!40000 ALTER TABLE `status` ENABLE KEYS */;
UNLOCK TABLES;

--
-- Table structure for table `tag`
--

DROP TABLE IF EXISTS `tag`;
/*!40101 SET @saved_cs_client     = @@character_set_client */;
/*!40101 SET character_set_client = utf8 */;
CREATE TABLE `tag` (
  `id` int(11) NOT NULL AUTO_INCREMENT,
  `wording` varchar(255) COLLATE utf8mb4_unicode_ci NOT NULL,
  PRIMARY KEY (`id`)
) ENGINE=InnoDB AUTO_INCREMENT=112 DEFAULT CHARSET=utf8mb4 COLLATE=utf8mb4_unicode_ci;
/*!40101 SET character_set_client = @saved_cs_client */;

--
-- Dumping data for table `tag`
--

LOCK TABLES `tag` WRITE;
/*!40000 ALTER TABLE `tag` DISABLE KEYS */;
INSERT INTO `tag` VALUES (1,'Aventure'),(2,'Manga'),(3,'Piraterie'),(4,'Sport'),(5,'Combat'),(6,'Amour'),(7,'Action'),(8,'Art'),(9,'Musique'),(10,'Aviation'),(11,'Blagues'),(12,'Suspense'),(13,'Tragique'),(14,'Triste'),(15,'Joyeux'),(16,'Drole'),(17,'Peur'),(18,'Realiste'),(19,'Anti hero'),(20,'Deco design'),(21,'LifeStyle'),(22,'Animaux mignons'),(23,'Meurtre'),(24,'Danse'),(25,'Moto'),(26,'Confinent'),(27,'Maladie'),(28,'Drogues'),(29,'Discrimination'),(30,'Royaume'),(31,'Espace'),(32,'Monde artificiel'),(33,'Ogre'),(34,'Fee'),(35,'Magie'),(36,'Sang'),(37,'Religion'),(38,'Immortel'),(39,'Roi'),(40,'Reine'),(41,'Heritage'),(42,'Sacrifice'),(43,'Jalousie'),(44,'Monstre'),(45,'Mystere'),(46,'Enigme'),(47,'Enquete'),(48,'Coupable'),(49,'Victime'),(50,'Politique'),(51,'Seduction'),(52,'Etudiant'),(53,'Enfant'),(54,'Adulte'),(55,'Survivant'),(56,'Suicide'),(57,'Sorciere'),(58,'Zombie'),(59,'Torture'),(60,'Justice'),(61,'Tribunal'),(62,'Avocat'),(63,'Juge'),(64,'Nourriture'),(65,'Recette'),(66,'Cuisine'),(67,'Cuisine exotique'),(68,'Voyage'),(69,'Jouets'),(70,'Vampire'),(71,'Celebrite'),(72,'Universite'),(73,'Depression'),(74,'Divorce'),(75,'Couple'),(76,'Dragons'),(77,'Famille'),(78,'Premier amour'),(79,'Solitude'),(80,'Marriage'),(81,'Moyen-Age'),(82,'Strategie'),(83,'Espionnage'),(84,'Universite'),(85,'Fiction'),(86,'Romance'),(87,'Drame'),(88,'Guerre'),(89,'Thriller'),(90,'Resistance'),(91,'Cow-boy'),(92,'Humour'),(93,'Fantastique'),(94,'Creatures'),(95,'Bande dessinee'),(96,'Dlinquance'),(97,'Horreur'),(98,'Mensonge'),(99,'Gaulois'),(100,'Journaliste'),(101,'Mdical'),(102,'Surnaturel'),(103,'Betises'),(104,'Demon'),(105,'Education'),(106,'Poesie'),(107,'Comedie'),(108,'Policier'),(109,'Gaulois'),(110,'Histoire'),(111,'Fantaisy');
/*!40000 ALTER TABLE `tag` ENABLE KEYS */;
UNLOCK TABLES;

--
-- Table structure for table `user`
--

DROP TABLE IF EXISTS `user`;
/*!40101 SET @saved_cs_client     = @@character_set_client */;
/*!40101 SET character_set_client = utf8 */;
CREATE TABLE `user` (
  `id` int(11) NOT NULL AUTO_INCREMENT,
  `email` varchar(180) COLLATE utf8mb4_unicode_ci NOT NULL,
  `password` varchar(255) COLLATE utf8mb4_unicode_ci NOT NULL,
  `roles` longtext CHARACTER SET utf8mb4 COLLATE utf8mb4_bin NOT NULL CHECK (json_valid(`roles`)),
  `last_name` varchar(255) COLLATE utf8mb4_unicode_ci NOT NULL,
  `first_name` varchar(255) COLLATE utf8mb4_unicode_ci NOT NULL,
  `birth_date` datetime DEFAULT NULL,
  `creation_date` datetime NOT NULL,
  `pseudo` varchar(255) COLLATE utf8mb4_unicode_ci DEFAULT NULL,
  `picture` varchar(255) COLLATE utf8mb4_unicode_ci DEFAULT NULL,
  `gender` varchar(255) COLLATE utf8mb4_unicode_ci DEFAULT NULL,
  `phone_number` varchar(255) COLLATE utf8mb4_unicode_ci DEFAULT NULL,
  `nb_follower` int(11) DEFAULT NULL,
  `nb_follow` int(11) DEFAULT NULL,
  `library_id` int(11) DEFAULT NULL,
  PRIMARY KEY (`id`),
  KEY `FK_8D93D649FE2541D7` (`library_id`),
  CONSTRAINT `FK_8D93D649FE2541D7` FOREIGN KEY (`library_id`) REFERENCES `library` (`id`)
) ENGINE=InnoDB AUTO_INCREMENT=11 DEFAULT CHARSET=utf8mb4 COLLATE=utf8mb4_unicode_ci;
/*!40101 SET character_set_client = @saved_cs_client */;

--
-- Dumping data for table `user`
--

LOCK TABLES `user` WRITE;
/*!40000 ALTER TABLE `user` DISABLE KEYS */;
INSERT INTO `user` VALUES (7,'toto@gmail.com','$2y$13$rVS7FArojrNIjLR1kU/41ORVZ5q8CPK7LGqZjODuTmm92OV2R3fk2','[\"ROLE_USER\"]','toto','Toto',NULL,'2021-11-30 23:24:45',NULL,NULL,NULL,NULL,NULL,NULL,2),(8,'lolita@gmail.com','$2y$13$gos7Nt2UJ9hHc6.FFmxrOu9ql25GTs6TjbDEjDE54Rr4kpCKEUtIa','[\"ROLE_USER\"]','Doyen','Lisa',NULL,'2021-12-01 00:11:24',NULL,NULL,NULL,NULL,NULL,NULL,3),(9,'test@test.com','$2y$13$1JFg1aAHc021Wq7GA99l/uw729RG0hsXmJ5BgQ36WjYaN0oh1sgzO','[\"ROLE_USER\"]','Doyen','Lisa ',NULL,'2021-12-01 21:10:09',NULL,NULL,NULL,NULL,NULL,NULL,4),(10,'tutu@gmail.com','$2y$13$hqgYYCxaRc2JcEojpT/DgeaqnGWMSQObVsRJlmDEN5cDLOtlwQ8W6','[\"ROLE_USER\"]','Doyen','Lisa',NULL,'2021-12-01 21:17:07',NULL,NULL,NULL,NULL,NULL,NULL,5);
/*!40000 ALTER TABLE `user` ENABLE KEYS */;
UNLOCK TABLES;
/*!40103 SET TIME_ZONE=@OLD_TIME_ZONE */;

/*!40101 SET SQL_MODE=@OLD_SQL_MODE */;
/*!40014 SET FOREIGN_KEY_CHECKS=@OLD_FOREIGN_KEY_CHECKS */;
/*!40014 SET UNIQUE_CHECKS=@OLD_UNIQUE_CHECKS */;
/*!40101 SET CHARACTER_SET_CLIENT=@OLD_CHARACTER_SET_CLIENT */;
/*!40101 SET CHARACTER_SET_RESULTS=@OLD_CHARACTER_SET_RESULTS */;
/*!40101 SET COLLATION_CONNECTION=@OLD_COLLATION_CONNECTION */;
/*!40111 SET SQL_NOTES=@OLD_SQL_NOTES */;

-- Dump completed on 2021-12-04 20:06:03
